"EPSG","ESRI WKT","MAPINFO","OGC WKT1","OGC WKT1 (no CT)","OGC WKT1 (simple)","OGC WKT2","PROJ.4","PROJJSON","XML"
"4326","GEOGCS[""GCS_WGS_1984"",DATUM[""D_WGS_1984"",SPHEROID[""WGS_1984"",6378137.0,298.257223563]],PRIMEM[""Greenwich"",0.0],UNIT[""Degree"",0.0174532925199433]]","'Earth Projection 1, 104'","GEOGCS[""WGS 84"",DATUM[""WGS_1984"",SPHEROID[""WGS 84"",6378137,298.257223563,AUTHORITY[""EPSG"",""7030""]],AUTHORITY[""EPSG"",""6326""]],PRIMEM[""Greenwich"",0,AUTHORITY[""EPSG"",""8901""]],UNIT[""degree"",0.0174532925199433,AUTHORITY[""EPSG"",""9122""]],AXIS[""Latitude"",NORTH],AXIS[""Longitude"",EAST],AUTHORITY[""EPSG"",""4326""]]","GEOGCS[""WGS 84"",DATUM[""WGS_1984"",SPHEROID[""WGS 84"",6378137,298.257223563]],PRIMEM[""Greenwich"",0],UNIT[""degree"",0.0174532925199433]]","GEOGCS[""WGS 84"",DATUM[""WGS_1984"",SPHEROID[""WGS 84"",6378137,298.257223563]],PRIMEM[""Greenwich"",0],UNIT[""degree"",0.0174532925199433]]","2019 :
GEOGCRS[""WGS 84"",ENSEMBLE[""World Geodetic System 1984 ensemble"",MEMBER[""World Geodetic System 1984 (Transit)""],MEMBER[""World Geodetic System 1984 (G730)""],MEMBER[""World Geodetic System 1984 (G873)""],MEMBER[""World Geodetic System 1984 (G1150)""],MEMBER[""World Geodetic System 1984 (G1674)""],MEMBER[""World Geodetic System 1984 (G1762)""],MEMBER[""World Geodetic System 1984 (G2139)""],ELLIPSOID[""WGS 84"",6378137,298.257223563,LENGTHUNIT[""metre"",1]],ENSEMBLEACCURACY[2.0]],PRIMEM[""Greenwich"",0,ANGLEUNIT[""degree"",0.0174532925199433]],CS[ellipsoidal,2],AXIS[""geodetic latitude (Lat)"",north,ORDER[1],ANGLEUNIT[""degree"",0.0174532925199433]],AXIS[""geodetic longitude (Lon)"",east,ORDER[2],ANGLEUNIT[""degree"",0.0174532925199433]],USAGE[SCOPE[""Horizontal component of 3D system.""],AREA[""World.""],BBOX[-90,-180,90,180]],ID[""EPSG"",4326]]","+proj=longlat +datum=WGS84 +no_defs","{""$schema"":""https://proj.org/schemas/v0.5/projjson.schema.json"",""type"":""GeographicCRS"",""name"":""WGS 84"",""datum_ensemble"":{""name"":""World Geodetic System 1984 ensemble"",""members"":[{""name"":""World Geodetic System 1984 (Transit)"",""id"":{""authority"":""EPSG"",""code"":1166}},{""name"":""World Geodetic System 1984 (G730)"",""id"":{""authority"":""EPSG"",""code"":1152}},{""name"":""World Geodetic System 1984 (G873)"",""id"":{""authority"":""EPSG"",""code"":1153}},{""name"":""World Geodetic System 1984 (G1150)"",""id"":{""authority"":""EPSG"",""code"":1154}},{""name"":""World Geodetic System 1984 (G1674)"",""id"":{""authority"":""EPSG"",""code"":1155}},{""name"":""World Geodetic System 1984 (G1762)"",""id"":{""authority"":""EPSG"",""code"":1156}},{""name"":""World Geodetic System 1984 (G2139)"",""id"":{""authority"":""EPSG"",""code"":1309}}],""ellipsoid"":{""name"":""WGS 84"",""semi_major_axis"":6378137,""inverse_flattening"":298.257223563},""accuracy"":""2.0"",""id"":{""authority"":""EPSG"",""code"":6326}},""coordinate_system"":{""subtype"":""ellipsoidal"",""axis"":[{""name"":""Geodetic latitude"",""abbreviation"":""Lat"",""direction"":""north"",""unit"":""degree""},{""name"":""Geodetic longitude"",""abbreviation"":""Lon"",""direction"":""east"",""unit"":""degree""}]},""scope"":""Horizontal component of 3D system."",""area"":""World."",""bbox"":{""south_latitude"":-90,""west_longitude"":-180,""north_latitude"":90,""east_longitude"":180},""id"":{""authority"":""EPSG"",""code"":4326}}","<gml:GeographicCRS gml:id=""ogrcrs1"">
  <gml:srsName>WGS 84</gml:srsName>
  <gml:srsID>
    <gml:name codeSpace=""urn:ogc:def:crs:EPSG::"">4326</gml:name>
  </gml:srsID>
  <gml:usesEllipsoidalCS>
    <gml:EllipsoidalCS gml:id=""ogrcrs2"">
      <gml:csName>ellipsoidal</gml:csName>
      <gml:csID>
        <gml:name codeSpace=""urn:ogc:def:cs:EPSG::"">6402</gml:name>
      </gml:csID>
      <gml:usesAxis>
        <gml:CoordinateSystemAxis gml:id=""ogrcrs3"" gml:uom=""urn:ogc:def:uom:EPSG::9102"">
          <gml:name>Geodetic latitude</gml:name>
          <gml:axisID>
            <gml:name codeSpace=""urn:ogc:def:axis:EPSG::"">9901</gml:name>
          </gml:axisID>
          <gml:axisAbbrev>Lat</gml:axisAbbrev>
          <gml:axisDirection>north</gml:axisDirection>
        </gml:CoordinateSystemAxis>
      </gml:usesAxis>
      <gml:usesAxis>
        <gml:CoordinateSystemAxis gml:id=""ogrcrs4"" gml:uom=""urn:ogc:def:uom:EPSG::9102"">
          <gml:name>Geodetic longitude</gml:name>
          <gml:axisID>
            <gml:name codeSpace=""urn:ogc:def:axis:EPSG::"">9902</gml:name>
          </gml:axisID>
          <gml:axisAbbrev>Lon</gml:axisAbbrev>
          <gml:axisDirection>east</gml:axisDirection>
        </gml:CoordinateSystemAxis>
      </gml:usesAxis>
    </gml:EllipsoidalCS>
  </gml:usesEllipsoidalCS>
  <gml:usesGeodeticDatum>
    <gml:GeodeticDatum gml:id=""ogrcrs5"">
      <gml:datumName>WGS_1984</gml:datumName>
      <gml:datumID>
        <gml:name codeSpace=""urn:ogc:def:datum:EPSG::"">6326</gml:name>
      </gml:datumID>
      <gml:usesPrimeMeridian>
        <gml:PrimeMeridian gml:id=""ogrcrs6"">
          <gml:meridianName>Greenwich</gml:meridianName>
          <gml:meridianID>
            <gml:name codeSpace=""urn:ogc:def:meridian:EPSG::"">8901</gml:name>
          </gml:meridianID>
          <gml:greenwichLongitude>
            <gml:angle uom=""urn:ogc:def:uom:EPSG::9102"">0</gml:angle>
          </gml:greenwichLongitude>
        </gml:PrimeMeridian>
      </gml:usesPrimeMeridian>
      <gml:usesEllipsoid>
        <gml:Ellipsoid gml:id=""ogrcrs7"">
          <gml:ellipsoidName>WGS 84</gml:ellipsoidName>
          <gml:ellipsoidID>
            <gml:name codeSpace=""urn:ogc:def:ellipsoid:EPSG::"">7030</gml:name>
          </gml:ellipsoidID>
          <gml:semiMajorAxis uom=""urn:ogc:def:uom:EPSG::9001"">6378137</gml:semiMajorAxis>
          <gml:secondDefiningParameter>
            <gml:inverseFlattening uom=""urn:ogc:def:uom:EPSG::9201"">298.257223563</gml:inverseFlattening>
          </gml:secondDefiningParameter>
        </gml:Ellipsoid>
      </gml:usesEllipsoid>
    </gml:GeodeticDatum>
  </gml:usesGeodeticDatum>
</gml:GeographicCRS>"
"4327","GEOGCS[""GCS_WGS_84_geographic_3D"",DATUM[""D_WGS_1984"",SPHEROID[""WGS_1984"",6378137.0,298.257223563]],PRIMEM[""Greenwich"",0.0],UNIT[""degree minute second hemisphere"",0.0174532925199433],LINUNIT[""Meter"",1.0]]","'Earth Projection 1, 104'","","","","2019 :
GEOGCRS[""WGS 84 (geographic 3D)"",ENSEMBLE[""World Geodetic System 1984 ensemble"",MEMBER[""World Geodetic System 1984 (Transit)""],MEMBER[""World Geodetic System 1984 (G730)""],MEMBER[""World Geodetic System 1984 (G873)""],MEMBER[""World Geodetic System 1984 (G1150)""],MEMBER[""World Geodetic System 1984 (G1674)""],MEMBER[""World Geodetic System 1984 (G1762)""],MEMBER[""World Geodetic System 1984 (G2139)""],ELLIPSOID[""WGS 84"",6378137,298.257223563,LENGTHUNIT[""metre"",1]],ENSEMBLEACCURACY[2.0]],PRIMEM[""Greenwich"",0,ANGLEUNIT[""degree"",0.0174532925199433]],CS[ellipsoidal,3],AXIS[""geodetic latitude (Lat)"",north,ORDER[1],ANGLEUNIT[""degree minute second hemisphere"",0.0174532925199433]],AXIS[""geodetic longitude (Long)"",east,ORDER[2],ANGLEUNIT[""degree minute second hemisphere"",0.0174532925199433]],AXIS[""ellipsoidal height (h)"",up,ORDER[3],LENGTHUNIT[""metre"",1]],USAGE[SCOPE[""Geodesy. Navigation and positioning using GPS satellite system.""],AREA[""World.""],BBOX[-90,-180,90,180]],ID[""EPSG"",4327]]","+proj=longlat +datum=WGS84 +no_defs","{""$schema"":""https://proj.org/schemas/v0.5/projjson.schema.json"",""type"":""GeographicCRS"",""name"":""WGS 84 (geographic 3D)"",""datum_ensemble"":{""name"":""World Geodetic System 1984 ensemble"",""members"":[{""name"":""World Geodetic System 1984 (Transit)"",""id"":{""authority"":""EPSG"",""code"":1166}},{""name"":""World Geodetic System 1984 (G730)"",""id"":{""authority"":""EPSG"",""code"":1152}},{""name"":""World Geodetic System 1984 (G873)"",""id"":{""authority"":""EPSG"",""code"":1153}},{""name"":""World Geodetic System 1984 (G1150)"",""id"":{""authority"":""EPSG"",""code"":1154}},{""name"":""World Geodetic System 1984 (G1674)"",""id"":{""authority"":""EPSG"",""code"":1155}},{""name"":""World Geodetic System 1984 (G1762)"",""id"":{""authority"":""EPSG"",""code"":1156}},{""name"":""World Geodetic System 1984 (G2139)"",""id"":{""authority"":""EPSG"",""code"":1309}}],""ellipsoid"":{""name"":""WGS 84"",""semi_major_axis"":6378137,""inverse_flattening"":298.257223563},""accuracy"":""2.0"",""id"":{""authority"":""EPSG"",""code"":6326}},""coordinate_system"":{""subtype"":""ellipsoidal"",""axis"":[{""name"":""Geodetic latitude"",""abbreviation"":""Lat"",""direction"":""north"",""unit"":{""type"":""AngularUnit"",""name"":""degree minute second hemisphere"",""conversion_factor"":0.0174532925199433}},{""name"":""Geodetic longitude"",""abbreviation"":""Long"",""direction"":""east"",""unit"":{""type"":""AngularUnit"",""name"":""degree minute second hemisphere"",""conversion_factor"":0.0174532925199433}},{""name"":""Ellipsoidal height"",""abbreviation"":""h"",""direction"":""up"",""unit"":""metre""}]},""scope"":""Geodesy. Navigation and positioning using GPS satellite system."",""area"":""World."",""bbox"":{""south_latitude"":-90,""west_longitude"":-180,""north_latitude"":90,""east_longitude"":180},""id"":{""authority"":""EPSG"",""code"":4327}}","<gml:GeographicCRS gml:id=""ogrcrs1"">
  <gml:srsName>WGS 84 (geographic 3D) (deprecated)</gml:srsName>
  <gml:srsID>
    <gml:name codeSpace=""urn:ogc:def:crs:EPSG::"">4327</gml:name>
  </gml:srsID>
  <gml:usesEllipsoidalCS>
    <gml:EllipsoidalCS gml:id=""ogrcrs2"">
      <gml:csName>ellipsoidal</gml:csName>
      <gml:csID>
        <gml:name codeSpace=""urn:ogc:def:cs:EPSG::"">6402</gml:name>
      </gml:csID>
      <gml:usesAxis>
        <gml:CoordinateSystemAxis gml:id=""ogrcrs3"" gml:uom=""urn:ogc:def:uom:EPSG::9102"">
          <gml:name>Geodetic latitude</gml:name>
          <gml:axisID>
            <gml:name codeSpace=""urn:ogc:def:axis:EPSG::"">9901</gml:name>
          </gml:axisID>
          <gml:axisAbbrev>Lat</gml:axisAbbrev>
          <gml:axisDirection>north</gml:axisDirection>
        </gml:CoordinateSystemAxis>
      </gml:usesAxis>
      <gml:usesAxis>
        <gml:CoordinateSystemAxis gml:id=""ogrcrs4"" gml:uom=""urn:ogc:def:uom:EPSG::9102"">
          <gml:name>Geodetic longitude</gml:name>
          <gml:axisID>
            <gml:name codeSpace=""urn:ogc:def:axis:EPSG::"">9902</gml:name>
          </gml:axisID>
          <gml:axisAbbrev>Lon</gml:axisAbbrev>
          <gml:axisDirection>east</gml:axisDirection>
        </gml:CoordinateSystemAxis>
      </gml:usesAxis>
    </gml:EllipsoidalCS>
  </gml:usesEllipsoidalCS>
  <gml:usesGeodeticDatum>
    <gml:GeodeticDatum gml:id=""ogrcrs5"">
      <gml:datumName>WGS_1984</gml:datumName>
      <gml:datumID>
        <gml:name codeSpace=""urn:ogc:def:datum:EPSG::"">6326</gml:name>
      </gml:datumID>
      <gml:usesPrimeMeridian>
        <gml:PrimeMeridian gml:id=""ogrcrs6"">
          <gml:meridianName>Greenwich</gml:meridianName>
          <gml:meridianID>
            <gml:name codeSpace=""urn:ogc:def:meridian:EPSG::"">8901</gml:name>
          </gml:meridianID>
          <gml:greenwichLongitude>
            <gml:angle uom=""urn:ogc:def:uom:EPSG::9102"">0</gml:angle>
          </gml:greenwichLongitude>
        </gml:PrimeMeridian>
      </gml:usesPrimeMeridian>
      <gml:usesEllipsoid>
        <gml:Ellipsoid gml:id=""ogrcrs7"">
          <gml:ellipsoidName>WGS 84</gml:ellipsoidName>
          <gml:ellipsoidID>
            <gml:name codeSpace=""urn:ogc:def:ellipsoid:EPSG::"">7030</gml:name>
          </gml:ellipsoidID>
          <gml:semiMajorAxis uom=""urn:ogc:def:uom:EPSG::9001"">6378137</gml:semiMajorAxis>
          <gml:secondDefiningParameter>
            <gml:inverseFlattening uom=""urn:ogc:def:uom:EPSG::9201"">298.257223563</gml:inverseFlattening>
          </gml:secondDefiningParameter>
        </gml:Ellipsoid>
      </gml:usesEllipsoid>
    </gml:GeodeticDatum>
  </gml:usesGeodeticDatum>
</gml:GeographicCRS>"
"4328","","'NonEarth Units ""m""'","GEOCCS[""WGS 84 (geocentric) (deprecated)"",DATUM[""WGS_1984"",SPHEROID[""WGS 84"",6378137,298.257223563,AUTHORITY[""EPSG"",""7030""]],AUTHORITY[""EPSG"",""6326""]],PRIMEM[""Greenwich"",0,AUTHORITY[""EPSG"",""8901""]],UNIT[""metre"",1,AUTHORITY[""EPSG"",""9001""]],AXIS[""Geocentric X"",OTHER],AXIS[""Geocentric Y"",OTHER],AXIS[""Geocentric Z"",NORTH],AUTHORITY[""EPSG"",""4328""]]","GEOCCS[""WGS 84 (geocentric) (deprecated)"",DATUM[""WGS_1984"",SPHEROID[""WGS 84"",6378137,298.257223563]],PRIMEM[""Greenwich"",0],UNIT[""metre"",1]]","GEOCCS[""WGS 84 (geocentric) (deprecated)"",DATUM[""WGS_1984"",SPHEROID[""WGS 84"",6378137,298.257223563]],PRIMEM[""Greenwich"",0],UNIT[""metre"",1]]","2019 :
GEODCRS[""WGS 84 (geocentric)"",ENSEMBLE[""World Geodetic System 1984 ensemble"",MEMBER[""World Geodetic System 1984 (Transit)""],MEMBER[""World Geodetic System 1984 (G730)""],MEMBER[""World Geodetic System 1984 (G873)""],MEMBER[""World Geodetic System 1984 (G1150)""],MEMBER[""World Geodetic System 1984 (G1674)""],MEMBER[""World Geodetic System 1984 (G1762)""],MEMBER[""World Geodetic System 1984 (G2139)""],ELLIPSOID[""WGS 84"",6378137,298.257223563,LENGTHUNIT[""metre"",1]],ENSEMBLEACCURACY[2.0]],PRIMEM[""Greenwich"",0,ANGLEUNIT[""degree"",0.0174532925199433]],CS[Cartesian,3],AXIS[""(X)"",geocentricX,ORDER[1],LENGTHUNIT[""metre"",1]],AXIS[""(Y)"",geocentricY,ORDER[2],LENGTHUNIT[""metre"",1]],AXIS[""(Z)"",geocentricZ,ORDER[3],LENGTHUNIT[""metre"",1]],USAGE[SCOPE[""Geodesy. Navigation and positioning using GPS satellite system.""],AREA[""World.""],BBOX[-90,-180,90,180]],ID[""EPSG"",4328]]","+proj=geocent +datum=WGS84 +units=m +no_defs","{""$schema"":""https://proj.org/schemas/v0.5/projjson.schema.json"",""type"":""GeodeticCRS"",""name"":""WGS 84 (geocentric)"",""datum_ensemble"":{""name"":""World Geodetic System 1984 ensemble"",""members"":[{""name"":""World Geodetic System 1984 (Transit)"",""id"":{""authority"":""EPSG"",""code"":1166}},{""name"":""World Geodetic System 1984 (G730)"",""id"":{""authority"":""EPSG"",""code"":1152}},{""name"":""World Geodetic System 1984 (G873)"",""id"":{""authority"":""EPSG"",""code"":1153}},{""name"":""World Geodetic System 1984 (G1150)"",""id"":{""authority"":""EPSG"",""code"":1154}},{""name"":""World Geodetic System 1984 (G1674)"",""id"":{""authority"":""EPSG"",""code"":1155}},{""name"":""World Geodetic System 1984 (G1762)"",""id"":{""authority"":""EPSG"",""code"":1156}},{""name"":""World Geodetic System 1984 (G2139)"",""id"":{""authority"":""EPSG"",""code"":1309}}],""ellipsoid"":{""name"":""WGS 84"",""semi_major_axis"":6378137,""inverse_flattening"":298.257223563},""accuracy"":""2.0"",""id"":{""authority"":""EPSG"",""code"":6326}},""coordinate_system"":{""subtype"":""Cartesian"",""axis"":[{""name"":""Geocentric X"",""abbreviation"":""X"",""direction"":""geocentricX"",""unit"":""metre""},{""name"":""Geocentric Y"",""abbreviation"":""Y"",""direction"":""geocentricY"",""unit"":""metre""},{""name"":""Geocentric Z"",""abbreviation"":""Z"",""direction"":""geocentricZ"",""unit"":""metre""}]},""scope"":""Geodesy. Navigation and positioning using GPS satellite system."",""area"":""World."",""bbox"":{""south_latitude"":-90,""west_longitude"":-180,""north_latitude"":90,""east_longitude"":180},""id"":{""authority"":""EPSG"",""code"":4328}}","(error)"
"4329","GEOGCS[""GCS_WGS_84_3D"",DATUM[""D_WGS_1984"",SPHEROID[""WGS_1984"",6378137.0,298.257223563]],PRIMEM[""Greenwich"",0.0],UNIT[""degree minute second hemisphere"",0.0174532925199433],LINUNIT[""Meter"",1.0]]","'Earth Projection 1, 104'","","","","2019 :
GEOGCRS[""WGS 84 (3D)"",ENSEMBLE[""World Geodetic System 1984 ensemble"",MEMBER[""World Geodetic System 1984 (Transit)""],MEMBER[""World Geodetic System 1984 (G730)""],MEMBER[""World Geodetic System 1984 (G873)""],MEMBER[""World Geodetic System 1984 (G1150)""],MEMBER[""World Geodetic System 1984 (G1674)""],MEMBER[""World Geodetic System 1984 (G1762)""],MEMBER[""World Geodetic System 1984 (G2139)""],ELLIPSOID[""WGS 84"",6378137,298.257223563,LENGTHUNIT[""metre"",1]],ENSEMBLEACCURACY[2.0]],PRIMEM[""Greenwich"",0,ANGLEUNIT[""degree"",0.0174532925199433]],CS[ellipsoidal,3],AXIS[""geodetic latitude (Lat)"",north,ORDER[1],ANGLEUNIT[""degree minute second hemisphere"",0.0174532925199433]],AXIS[""geodetic longitude (Long)"",east,ORDER[2],ANGLEUNIT[""degree minute second hemisphere"",0.0174532925199433]],AXIS[""ellipsoidal height (h)"",up,ORDER[3],LENGTHUNIT[""metre"",1]],USAGE[SCOPE[""Geodesy. Navigation and positioning using GPS satellite system.""],AREA[""World: Afghanistan, Albania, Algeria, American Samoa, Andorra, Angola, Anguilla, Antarctica, Antigua and Barbuda, Argentina, Armenia, Aruba, Australia, Austria, Azerbaijan, Bahamas, Bahrain, Bangladesh, Barbados, Belgium, Belgium, Belize, Benin, Bermuda, Bhutan, Bolivia, Bonaire, Saint Eustasius and Saba, Bosnia and Herzegovina, Botswana, Bouvet Island, Brazil, British Indian Ocean Territory, British Virgin Islands, Brunei Darussalam, Bulgaria, Burkina Faso, Burundi, Cambodia, Cameroon, Canada, Cape Verde, Cayman Islands, Central African Republic, Chad, Chile, China, Christmas Island, Cocos (Keeling) Islands, Comoros, Congo, Cook Islands, Costa Rica, Côte d'Ivoire (Ivory Coast), Croatia, Cuba, Curacao, Cyprus, Czechia, Denmark, Djibouti, Dominica, Dominican Republic, East Timor, Ecuador, Egypt, El Salvador, Equatorial Guinea, Eritrea, Estonia, Eswatini (Swaziland), Ethiopia, Falkland Islands (Malvinas), Faroe Islands, Fiji, Finland, France, French Guiana, French Polynesia, French Southern Territories, Gabon, Gambia, Georgia, Germany, Ghana, Gibraltar, Greece, Greenland, Grenada, Guadeloupe, Guam, Guatemala, Guinea, Guinea-Bissau, Guyana, Haiti, Heard Island and McDonald Islands, Holy See (Vatican City State), Honduras, China - Hong Kong, Hungary, Iceland, India, Indonesia, Islamic Republic of Iran, Iraq, Ireland, Israel, Italy, Jamaica, Japan, Jordan, Kazakhstan, Kenya, Kiribati, Democratic People's Republic of Korea (North Korea), Republic of Korea (South Korea), Kosovo, Kuwait, Kyrgyzstan, Lao People's Democratic Republic (Laos), Latvia, Lebanon, Lesotho, Liberia, Libyan Arab Jamahiriya, Liechtenstein, Lithuania, Luxembourg, China - Macao, Madagascar, Malawi, Malaysia, Maldives, Mali, Malta, Marshall Islands, Martinique, Mauritania, Mauritius, Mayotte, Mexico, Federated States of Micronesia, Monaco, Mongolia, Montenegro, Montserrat, Morocco, Mozambique, Myanmar (Burma), Namibia, Nauru, Nepal, Netherlands, New Caledonia, New Zealand, Nicaragua, Niger, Nigeria, Niue, Norfolk Island, North Macedonia, Northern Mariana Islands, Norway, Oman, Pakistan, Palau, Panama, Papua New Guinea (PNG), Paraguay, Peru, Philippines, Pitcairn, Poland, Portugal, Puerto Rico, Qatar, Reunion, Romania, Russian Federation, Rwanda, St Barthelemy, St Kitts and Nevis, St Helena, Ascension and Tristan da Cunha, St Lucia, St Martin, St Pierre and Miquelon, Saint Vincent and the Grenadines, Samoa, San Marino, Sao Tome and Principe, Saudi Arabia, Senegal, Serbia, Seychelles, Sierra Leone, Singapore, Slovakia (Slovak Republic), Slovenia, St Maarten, Solomon Islands, Somalia, South Africa, South Georgia and the South Sandwich Islands, South Sudan, Spain, Sri Lanka, Sudan, Suriname, Svalbard and Jan Mayen, Sweden, Switzerland, Syrian Arab Republic, Taiwan, Tajikistan, United Republic of Tanzania, Thailand, The Democratic Republic of the Congo (Zaire), Togo, Tokelau, Tonga, Trinidad and Tobago, Tunisia, Türkiye (Turkey), Turkmenistan, Turks and Caicos Islands, Tuvalu, Uganda, Ukraine, United Arab Emirates (UAE), United Kingdom (UK), United States (USA), United States Minor Outlying Islands, Uruguay, Uzbekistan, Vanuatu, Venezuela, Vietnam, US Virgin Islands, Wallis and Futuna, Western Sahara, Yemen, Zambia, Zimbabwe.""],BBOX[-90,-180,90,180]],ID[""EPSG"",4329]]","+proj=longlat +datum=WGS84 +no_defs","{""$schema"":""https://proj.org/schemas/v0.5/projjson.schema.json"",""type"":""GeographicCRS"",""name"":""WGS 84 (3D)"",""datum_ensemble"":{""name"":""World Geodetic System 1984 ensemble"",""members"":[{""name"":""World Geodetic System 1984 (Transit)"",""id"":{""authority"":""EPSG"",""code"":1166}},{""name"":""World Geodetic System 1984 (G730)"",""id"":{""authority"":""EPSG"",""code"":1152}},{""name"":""World Geodetic System 1984 (G873)"",""id"":{""authority"":""EPSG"",""code"":1153}},{""name"":""World Geodetic System 1984 (G1150)"",""id"":{""authority"":""EPSG"",""code"":1154}},{""name"":""World Geodetic System 1984 (G1674)"",""id"":{""authority"":""EPSG"",""code"":1155}},{""name"":""World Geodetic System 1984 (G1762)"",""id"":{""authority"":""EPSG"",""code"":1156}},{""name"":""World Geodetic System 1984 (G2139)"",""id"":{""authority"":""EPSG"",""code"":1309}}],""ellipsoid"":{""name"":""WGS 84"",""semi_major_axis"":6378137,""inverse_flattening"":298.257223563},""accuracy"":""2.0"",""id"":{""authority"":""EPSG"",""code"":6326}},""coordinate_system"":{""subtype"":""ellipsoidal"",""axis"":[{""name"":""Geodetic latitude"",""abbreviation"":""Lat"",""direction"":""north"",""unit"":{""type"":""AngularUnit"",""name"":""degree minute second hemisphere"",""conversion_factor"":0.0174532925199433}},{""name"":""Geodetic longitude"",""abbreviation"":""Long"",""direction"":""east"",""unit"":{""type"":""AngularUnit"",""name"":""degree minute second hemisphere"",""conversion_factor"":0.0174532925199433}},{""name"":""Ellipsoidal height"",""abbreviation"":""h"",""direction"":""up"",""unit"":""metre""}]},""scope"":""Geodesy. Navigation and positioning using GPS satellite system."",""area"":""World: Afghanistan, Albania, Algeria, American Samoa, Andorra, Angola, Anguilla, Antarctica, Antigua and Barbuda, Argentina, Armenia, Aruba, Australia, Austria, Azerbaijan, Bahamas, Bahrain, Bangladesh, Barbados, Belgium, Belgium, Belize, Benin, Bermuda, Bhutan, Bolivia, Bonaire, Saint Eustasius and Saba, Bosnia and Herzegovina, Botswana, Bouvet Island, Brazil, British Indian Ocean Territory, British Virgin Islands, Brunei Darussalam, Bulgaria, Burkina Faso, Burundi, Cambodia, Cameroon, Canada, Cape Verde, Cayman Islands, Central African Republic, Chad, Chile, China, Christmas Island, Cocos (Keeling) Islands, Comoros, Congo, Cook Islands, Costa Rica, Côte d'Ivoire (Ivory Coast), Croatia, Cuba, Curacao, Cyprus, Czechia, Denmark, Djibouti, Dominica, Dominican Republic, East Timor, Ecuador, Egypt, El Salvador, Equatorial Guinea, Eritrea, Estonia, Eswatini (Swaziland), Ethiopia, Falkland Islands (Malvinas), Faroe Islands, Fiji, Finland, France, French Guiana, French Polynesia, French Southern Territories, Gabon, Gambia, Georgia, Germany, Ghana, Gibraltar, Greece, Greenland, Grenada, Guadeloupe, Guam, Guatemala, Guinea, Guinea-Bissau, Guyana, Haiti, Heard Island and McDonald Islands, Holy See (Vatican City State), Honduras, China - Hong Kong, Hungary, Iceland, India, Indonesia, Islamic Republic of Iran, Iraq, Ireland, Israel, Italy, Jamaica, Japan, Jordan, Kazakhstan, Kenya, Kiribati, Democratic People's Republic of Korea (North Korea), Republic of Korea (South Korea), Kosovo, Kuwait, Kyrgyzstan, Lao People's Democratic Republic (Laos), Latvia, Lebanon, Lesotho, Liberia, Libyan Arab Jamahiriya, Liechtenstein, Lithuania, Luxembourg, China - Macao, Madagascar, Malawi, Malaysia, Maldives, Mali, Malta, Marshall Islands, Martinique, Mauritania, Mauritius, Mayotte, Mexico, Federated States of Micronesia, Monaco, Mongolia, Montenegro, Montserrat, Morocco, Mozambique, Myanmar (Burma), Namibia, Nauru, Nepal, Netherlands, New Caledonia, New Zealand, Nicaragua, Niger, Nigeria, Niue, Norfolk Island, North Macedonia, Northern Mariana Islands, Norway, Oman, Pakistan, Palau, Panama, Papua New Guinea (PNG), Paraguay, Peru, Philippines, Pitcairn, Poland, Portugal, Puerto Rico, Qatar, Reunion, Romania, Russian Federation, Rwanda, St Barthelemy, St Kitts and Nevis, St Helena, Ascension and Tristan da Cunha, St Lucia, St Martin, St Pierre and Miquelon, Saint Vincent and the Grenadines, Samoa, San Marino, Sao Tome and Principe, Saudi Arabia, Senegal, Serbia, Seychelles, Sierra Leone, Singapore, Slovakia (Slovak Republic), Slovenia, St Maarten, Solomon Islands, Somalia, South Africa, South Georgia and the South Sandwich Islands, South Sudan, Spain, Sri Lanka, Sudan, Suriname, Svalbard and Jan Mayen, Sweden, Switzerland, Syrian Arab Republic, Taiwan, Tajikistan, United Republic of Tanzania, Thailand, The Democratic Republic of the Congo (Zaire), Togo, Tokelau, Tonga, Trinidad and Tobago, Tunisia, Türkiye (Turkey), Turkmenistan, Turks and Caicos Islands, Tuvalu, Uganda, Ukraine, United Arab Emirates (UAE), United Kingdom (UK), United States (USA), United States Minor Outlying Islands, Uruguay, Uzbekistan, Vanuatu, Venezuela, Vietnam, US Virgin Islands, Wallis and Futuna, Western Sahara, Yemen, Zambia, Zimbabwe."",""bbox"":{""south_latitude"":-90,""west_longitude"":-180,""north_latitude"":90,""east_longitude"":180},""id"":{""authority"":""EPSG"",""code"":4329}}","<gml:GeographicCRS gml:id=""ogrcrs1"">
  <gml:srsName>WGS 84 (3D) (deprecated)</gml:srsName>
  <gml:srsID>
    <gml:name codeSpace=""urn:ogc:def:crs:EPSG::"">4329</gml:name>
  </gml:srsID>
  <gml:usesEllipsoidalCS>
    <gml:EllipsoidalCS gml:id=""ogrcrs2"">
      <gml:csName>ellipsoidal</gml:csName>
      <gml:csID>
        <gml:name codeSpace=""urn:ogc:def:cs:EPSG::"">6402</gml:name>
      </gml:csID>
      <gml:usesAxis>
        <gml:CoordinateSystemAxis gml:id=""ogrcrs3"" gml:uom=""urn:ogc:def:uom:EPSG::9102"">
          <gml:name>Geodetic latitude</gml:name>
          <gml:axisID>
            <gml:name codeSpace=""urn:ogc:def:axis:EPSG::"">9901</gml:name>
          </gml:axisID>
          <gml:axisAbbrev>Lat</gml:axisAbbrev>
          <gml:axisDirection>north</gml:axisDirection>
        </gml:CoordinateSystemAxis>
      </gml:usesAxis>
      <gml:usesAxis>
        <gml:CoordinateSystemAxis gml:id=""ogrcrs4"" gml:uom=""urn:ogc:def:uom:EPSG::9102"">
          <gml:name>Geodetic longitude</gml:name>
          <gml:axisID>
            <gml:name codeSpace=""urn:ogc:def:axis:EPSG::"">9902</gml:name>
          </gml:axisID>
          <gml:axisAbbrev>Lon</gml:axisAbbrev>
          <gml:axisDirection>east</gml:axisDirection>
        </gml:CoordinateSystemAxis>
      </gml:usesAxis>
    </gml:EllipsoidalCS>
  </gml:usesEllipsoidalCS>
  <gml:usesGeodeticDatum>
    <gml:GeodeticDatum gml:id=""ogrcrs5"">
      <gml:datumName>WGS_1984</gml:datumName>
      <gml:datumID>
        <gml:name codeSpace=""urn:ogc:def:datum:EPSG::"">6326</gml:name>
      </gml:datumID>
      <gml:usesPrimeMeridian>
        <gml:PrimeMeridian gml:id=""ogrcrs6"">
          <gml:meridianName>Greenwich</gml:meridianName>
          <gml:meridianID>
            <gml:name codeSpace=""urn:ogc:def:meridian:EPSG::"">8901</gml:name>
          </gml:meridianID>
          <gml:greenwichLongitude>
            <gml:angle uom=""urn:ogc:def:uom:EPSG::9102"">0</gml:angle>
          </gml:greenwichLongitude>
        </gml:PrimeMeridian>
      </gml:usesPrimeMeridian>
      <gml:usesEllipsoid>
        <gml:Ellipsoid gml:id=""ogrcrs7"">
          <gml:ellipsoidName>WGS 84</gml:ellipsoidName>
          <gml:ellipsoidID>
            <gml:name codeSpace=""urn:ogc:def:ellipsoid:EPSG::"">7030</gml:name>
          </gml:ellipsoidID>
          <gml:semiMajorAxis uom=""urn:ogc:def:uom:EPSG::9001"">6378137</gml:semiMajorAxis>
          <gml:secondDefiningParameter>
            <gml:inverseFlattening uom=""urn:ogc:def:uom:EPSG::9201"">298.257223563</gml:inverseFlattening>
          </gml:secondDefiningParameter>
        </gml:Ellipsoid>
      </gml:usesEllipsoid>
    </gml:GeodeticDatum>
  </gml:usesGeodeticDatum>
</gml:GeographicCRS>"
"4330","","'NonEarth Units ""m""'","GEOCCS[""ITRF88 (geocentric) (deprecated)"",DATUM[""International_Terrestrial_Reference_Frame_1988"",SPHEROID[""GRS 1980"",6378137,298.257222101,AUTHORITY[""EPSG"",""7019""]],AUTHORITY[""EPSG"",""6647""]],PRIMEM[""Greenwich"",0,AUTHORITY[""EPSG"",""8901""]],UNIT[""metre"",1,AUTHORITY[""EPSG"",""9001""]],AXIS[""Geocentric X"",OTHER],AXIS[""Geocentric Y"",OTHER],AXIS[""Geocentric Z"",NORTH],AUTHORITY[""EPSG"",""4330""]]","GEOCCS[""ITRF88 (geocentric) (deprecated)"",DATUM[""International_Terrestrial_Reference_Frame_1988"",SPHEROID[""GRS 1980"",6378137,298.257222101]],PRIMEM[""Greenwich"",0],UNIT[""metre"",1]]","GEOCCS[""ITRF88 (geocentric) (deprecated)"",DATUM[""International_Terrestrial_Reference_Frame_1988"",SPHEROID[""GRS 1980"",6378137,298.257222101]],PRIMEM[""Greenwich"",0],UNIT[""metre"",1]]","2019 :
GEODCRS[""ITRF88 (geocentric)"",DYNAMIC[FRAMEEPOCH[1988]],DATUM[""International Terrestrial Reference Frame 1988"",ELLIPSOID[""GRS 1980"",6378137,298.257222101,LENGTHUNIT[""metre"",1]]],PRIMEM[""Greenwich"",0,ANGLEUNIT[""degree"",0.0174532925199433]],CS[Cartesian,3],AXIS[""(X)"",geocentricX,ORDER[1],LENGTHUNIT[""metre"",1]],AXIS[""(Y)"",geocentricY,ORDER[2],LENGTHUNIT[""metre"",1]],AXIS[""(Z)"",geocentricZ,ORDER[3],LENGTHUNIT[""metre"",1]],USAGE[SCOPE[""Geodesy.""],AREA[""World.""],BBOX[-90,-180,90,180]],ID[""EPSG"",4330]]","+proj=geocent +ellps=GRS80 +units=m +no_defs","{""$schema"":""https://proj.org/schemas/v0.5/projjson.schema.json"",""type"":""GeodeticCRS"",""name"":""ITRF88 (geocentric)"",""datum"":{""type"":""DynamicGeodeticReferenceFrame"",""name"":""International Terrestrial Reference Frame 1988"",""frame_reference_epoch"":1988,""ellipsoid"":{""name"":""GRS 1980"",""semi_major_axis"":6378137,""inverse_flattening"":298.257222101}},""coordinate_system"":{""subtype"":""Cartesian"",""axis"":[{""name"":""Geocentric X"",""abbreviation"":""X"",""direction"":""geocentricX"",""unit"":""metre""},{""name"":""Geocentric Y"",""abbreviation"":""Y"",""direction"":""geocentricY"",""unit"":""metre""},{""name"":""Geocentric Z"",""abbreviation"":""Z"",""direction"":""geocentricZ"",""unit"":""metre""}]},""scope"":""Geodesy."",""area"":""World."",""bbox"":{""south_latitude"":-90,""west_longitude"":-180,""north_latitude"":90,""east_longitude"":180},""id"":{""authority"":""EPSG"",""code"":4330}}","(error)"
"4331","","'NonEarth Units ""m""'","GEOCCS[""ITRF89 (geocentric) (deprecated)"",DATUM[""International_Terrestrial_Reference_Frame_1989"",SPHEROID[""GRS 1980"",6378137,298.257222101,AUTHORITY[""EPSG"",""7019""]],AUTHORITY[""EPSG"",""6648""]],PRIMEM[""Greenwich"",0,AUTHORITY[""EPSG"",""8901""]],UNIT[""metre"",1,AUTHORITY[""EPSG"",""9001""]],AXIS[""Geocentric X"",OTHER],AXIS[""Geocentric Y"",OTHER],AXIS[""Geocentric Z"",NORTH],AUTHORITY[""EPSG"",""4331""]]","GEOCCS[""ITRF89 (geocentric) (deprecated)"",DATUM[""International_Terrestrial_Reference_Frame_1989"",SPHEROID[""GRS 1980"",6378137,298.257222101]],PRIMEM[""Greenwich"",0],UNIT[""metre"",1]]","GEOCCS[""ITRF89 (geocentric) (deprecated)"",DATUM[""International_Terrestrial_Reference_Frame_1989"",SPHEROID[""GRS 1980"",6378137,298.257222101]],PRIMEM[""Greenwich"",0],UNIT[""metre"",1]]","2019 :
GEODCRS[""ITRF89 (geocentric)"",DYNAMIC[FRAMEEPOCH[1988]],DATUM[""International Terrestrial Reference Frame 1989"",ELLIPSOID[""GRS 1980"",6378137,298.257222101,LENGTHUNIT[""metre"",1]]],PRIMEM[""Greenwich"",0,ANGLEUNIT[""degree"",0.0174532925199433]],CS[Cartesian,3],AXIS[""(X)"",geocentricX,ORDER[1],LENGTHUNIT[""metre"",1]],AXIS[""(Y)"",geocentricY,ORDER[2],LENGTHUNIT[""metre"",1]],AXIS[""(Z)"",geocentricZ,ORDER[3],LENGTHUNIT[""metre"",1]],USAGE[SCOPE[""Geodesy.""],AREA[""World.""],BBOX[-90,-180,90,180]],ID[""EPSG"",4331]]","+proj=geocent +ellps=GRS80 +units=m +no_defs","{""$schema"":""https://proj.org/schemas/v0.5/projjson.schema.json"",""type"":""GeodeticCRS"",""name"":""ITRF89 (geocentric)"",""datum"":{""type"":""DynamicGeodeticReferenceFrame"",""name"":""International Terrestrial Reference Frame 1989"",""frame_reference_epoch"":1988,""ellipsoid"":{""name"":""GRS 1980"",""semi_major_axis"":6378137,""inverse_flattening"":298.257222101}},""coordinate_system"":{""subtype"":""Cartesian"",""axis"":[{""name"":""Geocentric X"",""abbreviation"":""X"",""direction"":""geocentricX"",""unit"":""metre""},{""name"":""Geocentric Y"",""abbreviation"":""Y"",""direction"":""geocentricY"",""unit"":""metre""},{""name"":""Geocentric Z"",""abbreviation"":""Z"",""direction"":""geocentricZ"",""unit"":""metre""}]},""scope"":""Geodesy."",""area"":""World."",""bbox"":{""south_latitude"":-90,""west_longitude"":-180,""north_latitude"":90,""east_longitude"":180},""id"":{""authority"":""EPSG"",""code"":4331}}","(error)"
"4332","","'NonEarth Units ""m""'","GEOCCS[""ITRF90 (geocentric) (deprecated)"",DATUM[""International_Terrestrial_Reference_Frame_1990"",SPHEROID[""GRS 1980"",6378137,298.257222101,AUTHORITY[""EPSG"",""7019""]],AUTHORITY[""EPSG"",""6649""]],PRIMEM[""Greenwich"",0,AUTHORITY[""EPSG"",""8901""]],UNIT[""metre"",1,AUTHORITY[""EPSG"",""9001""]],AXIS[""Geocentric X"",OTHER],AXIS[""Geocentric Y"",OTHER],AXIS[""Geocentric Z"",NORTH],AUTHORITY[""EPSG"",""4332""]]","GEOCCS[""ITRF90 (geocentric) (deprecated)"",DATUM[""International_Terrestrial_Reference_Frame_1990"",SPHEROID[""GRS 1980"",6378137,298.257222101]],PRIMEM[""Greenwich"",0],UNIT[""metre"",1]]","GEOCCS[""ITRF90 (geocentric) (deprecated)"",DATUM[""International_Terrestrial_Reference_Frame_1990"",SPHEROID[""GRS 1980"",6378137,298.257222101]],PRIMEM[""Greenwich"",0],UNIT[""metre"",1]]","2019 :
GEODCRS[""ITRF90 (geocentric)"",DYNAMIC[FRAMEEPOCH[1988]],DATUM[""International Terrestrial Reference Frame 1990"",ELLIPSOID[""GRS 1980"",6378137,298.257222101,LENGTHUNIT[""metre"",1]]],PRIMEM[""Greenwich"",0,ANGLEUNIT[""degree"",0.0174532925199433]],CS[Cartesian,3],AXIS[""(X)"",geocentricX,ORDER[1],LENGTHUNIT[""metre"",1]],AXIS[""(Y)"",geocentricY,ORDER[2],LENGTHUNIT[""metre"",1]],AXIS[""(Z)"",geocentricZ,ORDER[3],LENGTHUNIT[""metre"",1]],USAGE[SCOPE[""Geodesy.""],AREA[""World.""],BBOX[-90,-180,90,180]],ID[""EPSG"",4332]]","+proj=geocent +ellps=GRS80 +units=m +no_defs","{""$schema"":""https://proj.org/schemas/v0.5/projjson.schema.json"",""type"":""GeodeticCRS"",""name"":""ITRF90 (geocentric)"",""datum"":{""type"":""DynamicGeodeticReferenceFrame"",""name"":""International Terrestrial Reference Frame 1990"",""frame_reference_epoch"":1988,""ellipsoid"":{""name"":""GRS 1980"",""semi_major_axis"":6378137,""inverse_flattening"":298.257222101}},""coordinate_system"":{""subtype"":""Cartesian"",""axis"":[{""name"":""Geocentric X"",""abbreviation"":""X"",""direction"":""geocentricX"",""unit"":""metre""},{""name"":""Geocentric Y"",""abbreviation"":""Y"",""direction"":""geocentricY"",""unit"":""metre""},{""name"":""Geocentric Z"",""abbreviation"":""Z"",""direction"":""geocentricZ"",""unit"":""metre""}]},""scope"":""Geodesy."",""area"":""World."",""bbox"":{""south_latitude"":-90,""west_longitude"":-180,""north_latitude"":90,""east_longitude"":180},""id"":{""authority"":""EPSG"",""code"":4332}}","(error)"
"4333","","'NonEarth Units ""m""'","GEOCCS[""ITRF91 (geocentric) (deprecated)"",DATUM[""International_Terrestrial_Reference_Frame_1991"",SPHEROID[""GRS 1980"",6378137,298.257222101,AUTHORITY[""EPSG"",""7019""]],AUTHORITY[""EPSG"",""6650""]],PRIMEM[""Greenwich"",0,AUTHORITY[""EPSG"",""8901""]],UNIT[""metre"",1,AUTHORITY[""EPSG"",""9001""]],AXIS[""Geocentric X"",OTHER],AXIS[""Geocentric Y"",OTHER],AXIS[""Geocentric Z"",NORTH],AUTHORITY[""EPSG"",""4333""]]","GEOCCS[""ITRF91 (geocentric) (deprecated)"",DATUM[""International_Terrestrial_Reference_Frame_1991"",SPHEROID[""GRS 1980"",6378137,298.257222101]],PRIMEM[""Greenwich"",0],UNIT[""metre"",1]]","GEOCCS[""ITRF91 (geocentric) (deprecated)"",DATUM[""International_Terrestrial_Reference_Frame_1991"",SPHEROID[""GRS 1980"",6378137,298.257222101]],PRIMEM[""Greenwich"",0],UNIT[""metre"",1]]","2019 :
GEODCRS[""ITRF91 (geocentric)"",DYNAMIC[FRAMEEPOCH[1988]],DATUM[""International Terrestrial Reference Frame 1991"",ELLIPSOID[""GRS 1980"",6378137,298.257222101,LENGTHUNIT[""metre"",1]]],PRIMEM[""Greenwich"",0,ANGLEUNIT[""degree"",0.0174532925199433]],CS[Cartesian,3],AXIS[""(X)"",geocentricX,ORDER[1],LENGTHUNIT[""metre"",1]],AXIS[""(Y)"",geocentricY,ORDER[2],LENGTHUNIT[""metre"",1]],AXIS[""(Z)"",geocentricZ,ORDER[3],LENGTHUNIT[""metre"",1]],USAGE[SCOPE[""Geodesy.""],AREA[""World.""],BBOX[-90,-180,90,180]],ID[""EPSG"",4333]]","+proj=geocent +ellps=GRS80 +units=m +no_defs","{""$schema"":""https://proj.org/schemas/v0.5/projjson.schema.json"",""type"":""GeodeticCRS"",""name"":""ITRF91 (geocentric)"",""datum"":{""type"":""DynamicGeodeticReferenceFrame"",""name"":""International Terrestrial Reference Frame 1991"",""frame_reference_epoch"":1988,""ellipsoid"":{""name"":""GRS 1980"",""semi_major_axis"":6378137,""inverse_flattening"":298.257222101}},""coordinate_system"":{""subtype"":""Cartesian"",""axis"":[{""name"":""Geocentric X"",""abbreviation"":""X"",""direction"":""geocentricX"",""unit"":""metre""},{""name"":""Geocentric Y"",""abbreviation"":""Y"",""direction"":""geocentricY"",""unit"":""metre""},{""name"":""Geocentric Z"",""abbreviation"":""Z"",""direction"":""geocentricZ"",""unit"":""metre""}]},""scope"":""Geodesy."",""area"":""World."",""bbox"":{""south_latitude"":-90,""west_longitude"":-180,""north_latitude"":90,""east_longitude"":180},""id"":{""authority"":""EPSG"",""code"":4333}}","(error)"
"4334","","'NonEarth Units ""m""'","GEOCCS[""ITRF92 (geocentric) (deprecated)"",DATUM[""International_Terrestrial_Reference_Frame_1992"",SPHEROID[""GRS 1980"",6378137,298.257222101,AUTHORITY[""EPSG"",""7019""]],AUTHORITY[""EPSG"",""6651""]],PRIMEM[""Greenwich"",0,AUTHORITY[""EPSG"",""8901""]],UNIT[""metre"",1,AUTHORITY[""EPSG"",""9001""]],AXIS[""Geocentric X"",OTHER],AXIS[""Geocentric Y"",OTHER],AXIS[""Geocentric Z"",NORTH],AUTHORITY[""EPSG"",""4334""]]","GEOCCS[""ITRF92 (geocentric) (deprecated)"",DATUM[""International_Terrestrial_Reference_Frame_1992"",SPHEROID[""GRS 1980"",6378137,298.257222101]],PRIMEM[""Greenwich"",0],UNIT[""metre"",1]]","GEOCCS[""ITRF92 (geocentric) (deprecated)"",DATUM[""International_Terrestrial_Reference_Frame_1992"",SPHEROID[""GRS 1980"",6378137,298.257222101]],PRIMEM[""Greenwich"",0],UNIT[""metre"",1]]","2019 :
GEODCRS[""ITRF92 (geocentric)"",DYNAMIC[FRAMEEPOCH[1988]],DATUM[""International Terrestrial Reference Frame 1992"",ELLIPSOID[""GRS 1980"",6378137,298.257222101,LENGTHUNIT[""metre"",1]]],PRIMEM[""Greenwich"",0,ANGLEUNIT[""degree"",0.0174532925199433]],CS[Cartesian,3],AXIS[""(X)"",geocentricX,ORDER[1],LENGTHUNIT[""metre"",1]],AXIS[""(Y)"",geocentricY,ORDER[2],LENGTHUNIT[""metre"",1]],AXIS[""(Z)"",geocentricZ,ORDER[3],LENGTHUNIT[""metre"",1]],USAGE[SCOPE[""Geodesy.""],AREA[""World.""],BBOX[-90,-180,90,180]],ID[""EPSG"",4334]]","+proj=geocent +ellps=GRS80 +units=m +no_defs","{""$schema"":""https://proj.org/schemas/v0.5/projjson.schema.json"",""type"":""GeodeticCRS"",""name"":""ITRF92 (geocentric)"",""datum"":{""type"":""DynamicGeodeticReferenceFrame"",""name"":""International Terrestrial Reference Frame 1992"",""frame_reference_epoch"":1988,""ellipsoid"":{""name"":""GRS 1980"",""semi_major_axis"":6378137,""inverse_flattening"":298.257222101}},""coordinate_system"":{""subtype"":""Cartesian"",""axis"":[{""name"":""Geocentric X"",""abbreviation"":""X"",""direction"":""geocentricX"",""unit"":""metre""},{""name"":""Geocentric Y"",""abbreviation"":""Y"",""direction"":""geocentricY"",""unit"":""metre""},{""name"":""Geocentric Z"",""abbreviation"":""Z"",""direction"":""geocentricZ"",""unit"":""metre""}]},""scope"":""Geodesy."",""area"":""World."",""bbox"":{""south_latitude"":-90,""west_longitude"":-180,""north_latitude"":90,""east_longitude"":180},""id"":{""authority"":""EPSG"",""code"":4334}}","(error)"
"4335","","'NonEarth Units ""m""'","GEOCCS[""ITRF93 (geocentric) (deprecated)"",DATUM[""International_Terrestrial_Reference_Frame_1993"",SPHEROID[""GRS 1980"",6378137,298.257222101,AUTHORITY[""EPSG"",""7019""]],AUTHORITY[""EPSG"",""6652""]],PRIMEM[""Greenwich"",0,AUTHORITY[""EPSG"",""8901""]],UNIT[""metre"",1,AUTHORITY[""EPSG"",""9001""]],AXIS[""Geocentric X"",OTHER],AXIS[""Geocentric Y"",OTHER],AXIS[""Geocentric Z"",NORTH],AUTHORITY[""EPSG"",""4335""]]","GEOCCS[""ITRF93 (geocentric) (deprecated)"",DATUM[""International_Terrestrial_Reference_Frame_1993"",SPHEROID[""GRS 1980"",6378137,298.257222101]],PRIMEM[""Greenwich"",0],UNIT[""metre"",1]]","GEOCCS[""ITRF93 (geocentric) (deprecated)"",DATUM[""International_Terrestrial_Reference_Frame_1993"",SPHEROID[""GRS 1980"",6378137,298.257222101]],PRIMEM[""Greenwich"",0],UNIT[""metre"",1]]","2019 :
GEODCRS[""ITRF93 (geocentric)"",DYNAMIC[FRAMEEPOCH[1993]],DATUM[""International Terrestrial Reference Frame 1993"",ELLIPSOID[""GRS 1980"",6378137,298.257222101,LENGTHUNIT[""metre"",1]]],PRIMEM[""Greenwich"",0,ANGLEUNIT[""degree"",0.0174532925199433]],CS[Cartesian,3],AXIS[""(X)"",geocentricX,ORDER[1],LENGTHUNIT[""metre"",1]],AXIS[""(Y)"",geocentricY,ORDER[2],LENGTHUNIT[""metre"",1]],AXIS[""(Z)"",geocentricZ,ORDER[3],LENGTHUNIT[""metre"",1]],USAGE[SCOPE[""Geodesy.""],AREA[""World.""],BBOX[-90,-180,90,180]],ID[""EPSG"",4335]]","+proj=geocent +ellps=GRS80 +units=m +no_defs","{""$schema"":""https://proj.org/schemas/v0.5/projjson.schema.json"",""type"":""GeodeticCRS"",""name"":""ITRF93 (geocentric)"",""datum"":{""type"":""DynamicGeodeticReferenceFrame"",""name"":""International Terrestrial Reference Frame 1993"",""frame_reference_epoch"":1993,""ellipsoid"":{""name"":""GRS 1980"",""semi_major_axis"":6378137,""inverse_flattening"":298.257222101}},""coordinate_system"":{""subtype"":""Cartesian"",""axis"":[{""name"":""Geocentric X"",""abbreviation"":""X"",""direction"":""geocentricX"",""unit"":""metre""},{""name"":""Geocentric Y"",""abbreviation"":""Y"",""direction"":""geocentricY"",""unit"":""metre""},{""name"":""Geocentric Z"",""abbreviation"":""Z"",""direction"":""geocentricZ"",""unit"":""metre""}]},""scope"":""Geodesy."",""area"":""World."",""bbox"":{""south_latitude"":-90,""west_longitude"":-180,""north_latitude"":90,""east_longitude"":180},""id"":{""authority"":""EPSG"",""code"":4335}}","(error)"
